<?xml version="1.0" encoding="UTF-8"?><feed xmlns="http://www.w3.org/2005/Atom">
  <title>纸小墨官方博客</title>
  <id>http://www.chole.io/blog</id>
  <updated>2017-07-15T09:32:08+08:00</updated>
  <subtitle>构建只为纯粹书写的博客</subtitle>
  <link href="http://www.chole.io/blog"></link>
  <author>
    <name>纸小墨官方博客</name>
  </author>
  <entry>
    <title>简洁的静态博客构建工具 —— 纸小墨（InkPaper）</title>
    <updated>2016-07-11T17:00:00+08:00</updated>
    <id>tag:www.chole.io,2016-07-11:/blog/ink-blog-tool.html</id>
    <content type="html">&lt;p&gt;纸小墨（InkPaper）是一个GO语言编写的开源静态博客构建工具，可以快速搭建博客网站。它无依赖跨平台，配置简单构建快速，注重简洁易用与更优雅的排版。&lt;/p&gt;&#xA;</content>
    <link href="http://www.chole.io/blog/ink-blog-tool.html"></link>
    <author>
      <name>纸小墨</name>
    </author>
  </entry>
  <entry>
    <title>An Elegant Static Blog Generator —— InkPaper</title>
    <updated>2016-07-11T17:00:00+08:00</updated>
    <id>tag:www.chole.io,2016-07-11:/blog/ink-blog-tool-en.html</id>
    <content type="html">&lt;p&gt;InkPaper is an static blog generator developed by Golang, No dependencies, Cross platform, Easy use, Fast build, Elegant theme.&lt;/p&gt;&#xA;</content>
    <link href="http://www.chole.io/blog/ink-blog-tool-en.html"></link>
    <author>
      <name>纸小墨</name>
    </author>
  </entry>
</feed>