[{"content":"\n\n## 纸小墨简介\n\n纸小墨（InkPaper）是一个GO语言编写的开源静态博客构建工具，可以快速搭建博客网站。它无依赖跨平台，配置简单构建快速，注重简洁易用与更优雅的排版。\n\n![纸小墨 - 简洁的静态博客构建工具](/images/example.png)\n\n### 开始上手\n\n- 下载并解压 [Ink](http://www.chole.io/)，运行命令 `ink preview`\n\n  \u003e 注意：Linux/macOS下，使用 `./ink preview`\n\n- 使用浏览器访问 `http://localhost:8000` 预览。\n\n### 特性介绍\n- YAML格式的配置\n- Markdown格式的文章\n- 无依赖跨平台\n- 超快的构建速度\n- 不断改善的主题与排版\n- 多文章作者支持\n- 归档与标签自动生成\n- 保存时实时预览页面\n- 离线的全文关键字搜索\n\n### 配置网站\n编辑`config.yml`，使用如下格式：\n\n``` yaml\nsite:\n    title: 网站标题\n    subtitle: 网站子标题\n    limit: 每页可显示的文章数目\n    theme: 网站主题目录\n    comment: 评论插件变量(默认为Disqus账户名)\n    root: 网站根路径 #可选\n    lang: 网站语言 #支持en, zh, ru, ja，可在theme/config.yml配置\n    url: 网站链接 #用于RSS生成\n    link: 文章链接形式 #默认为{title}.html，支持{year},{month},{day},{title}变量\n\nauthors:\n    作者ID:\n        name: 作者名称\n        intro: 作者简介\n        avatar: 作者头像路径\n\nbuild:\n    output: 构建输出目录 #可选, 默认为 \"public\"\n    port: 预览端口\n    copy:\n        - 构建时将会复制的目录/文件\n    publish: |\n        ink publish 命令将会执行的脚本\n```\n\n### 创建文章\n在`source`目录中建立任意`.md`文件（可置于子文件夹），使用如下格式：\n\n``` yaml\ntitle: 文章标题\ndate: 年-月-日 时:分:秒 #创建时间，可加时区如\" +0800\"\nupdate: 年-月-日 时:分:秒 #更新时间，可选，可加时区如\" +0800\"\nauthor: 作者ID\ncover: 题图链接 #可选\ndraft: false #草稿，可选\ntop: false #置顶文章，可选\npreview: 文章预览，也可在正文中使用\u003c!--more--\u003e分割 #可选\ntags: #可选\n    - 标签1\n    - 标签2\ntype: post #指定类型为文章(post)或页面(page)，可选\nhide: false #隐藏文章，只可通过链接访问，可选\n\n---\n\nMarkdown格式的正文\n```\n\n### 发布博客\n- 在博客目录下运行`ink publish`命令自动构建博客并发布。\n- 或运行`ink build`命令将生成的`public`目录下的内容手动部署。\n\n\u003e Tips: 在使用`ink preview`命令时，编辑保存文件后，博客会自动重新构建并刷新浏览器页面。\n\n## 定制支持\n\n### 修改主题\n\n默认主题在`theme`目录下，修改源代码后在该目录下运行`npm install`与`webpack`重新构建。\n\n页面包含`page.html`（文章列表）及`article.html`（文章）等，所有页面均支持[GO语言HTML模板](http://golang.org/pkg/html/template/)语法，可引用变量。\n\n### 添加页面\n\n在`source`目录下创建的任意`.html`文件将被复制，这些文件中可引用`config.yml`中site字段下的所有变量。\n\n### 博客迁移(Beta)\n\n纸小墨提供简单的Jeklly/Hexo博客文章格式转换，使用命令：\n``` shell\nink convert /path/_posts\n```\n\n### 源码编译\n\n本地运行\n\n1. 配置[GO](http://golang.org/doc/install)语言环境。\n2. 运行命令`go get github.com/InkProject/ink`，编译并获取ink。\n3. 运行命令`ink preview $GOPATH/src/github.com/InkProject/ink/template`，预览博客。\n\nDocker构建（示例）\n\n1. Clone源码 `git clone git@github.com:InkProject/ink.git`。\n2. 源码目录下构建镜像`docker build -t ink .`。\n3. 运行容器`docker run -p 8000:80 ink`。\n\n## 三方主题\n\n- Pure: [https://github.com/Xdatk/ink-pure](https://github.com/Xdatk/ink-pure)\n- Werttin: [https://github.com/Skimige/ink_Werttin](https://github.com/Skimige/ink_Werttin)\n\n## 反馈贡献\n\n纸小墨基于 [CC Attribution-NonCommercial License 4.0](https://creativecommons.org/licenses/by-nc/4.0/) 协议，目前为止它仍然是个非成熟的开源项目，非常欢迎任何人的任何贡献。如有问题可报告至 [https://github.com/InkProject/ink/issues](https://github.com/InkProject/ink/issues)。\n\n## 更新历史\n\n- [2016-07-11] 修复诸多Issue与合并一些PR。\n- [2015-08-15] 一些Bug修复，新增RSS订阅支持，主题改善。\n- [2015-07-04] 数项Bug修复与主题改善，支持置顶，多语言，子模板。\n- [2015-06-04] 编译更多平台版本，增加标签与存档页。\n- [2015-03-01] Beta版本，基础功能完成。\n\n## 更新计划\n\n- 排版深度优化\n- 纸小墨编辑器\n\n## 正在使用\n\n- [http://www.chole.io/blog/](http://www.chole.io/blog/)\n- [http://blog.hyper.sh/](http://blog.hyper.sh/)\n- [http://wangxu.me/](http://wangxu.me/)\n- [http://whzecomjm.com/](http://whzecomjm.com/)\n- [http://www.shery.me/blog/](http://www.shery.me/blog/)\n","cover":"/images/example.png","link":"ink-blog-tool.html","preview":"\u003cp\u003e纸小墨（InkPaper）是一个GO语言编写的开源静态博客构建工具，可以快速搭建博客网站。它无依赖跨平台，配置简单构建快速，注重简洁易用与更优雅的排版。\u003c/p\u003e\n","title":"简洁的静态博客构建工具 —— 纸小墨（InkPaper）"},{"content":"\n\n## Introduce\n\nInkPaper is an static blog generator developed by Golang, No dependencies, Cross platform, Easy use, Fast build, Elegant theme.\n\n![InkPaper - An Elegant Static Blog Generator](/images/example-en.png)\n\n### Quick Start\n- Download \u0026 Extract [Ink](http://www.chole.io/)，Run `ink preview`\n\n  \u003e Tips：Linux/macOS, use `./ink preview`\n\n- Open `http://localhost:8000` in browser to preview\n\n### Website Configuration\nEdit `config.yml`, use format:\n\n``` yaml\nsite:\n    title: Website Title\n    subtitle: Website Subtitle\n    limit: Max Article Count Per Page\n    theme: Website Theme Directory\n    comment: Comment Plugin Variable (Default is disqus username)\n    root: Website Root Path #Optional\n    lang: Website Language #Support en, zh, ru, ja, Configurable in theme/lang.yml\n    url: Website URL #For RSS Generating\n    link: Article Link Scheme #Default Is {title}.html，Support {year},{month},{day},{title} Variables\n\nauthors:\n    AuthorID:\n        name: Author Name\n        intro: Author Motto\n        avatar: Author Avatar Path\n\nbuild:\n    output: Build Output Directory #Optional, Default is \"public\"\n    port: Preview Port\n    copy:\n        - Copied Files When Build\n    publish: |\n        Excuted command when use 'ink publish'\n```\n\n### Writing\nCreate any `.md` file in `source` directory (Support subdirectory), use format:\n\n``` yaml\ntitle: Article Title\ndate: Year-Month-Day Hour:Minute:Second #Created Time，Support TimeZone, such as \" +0800\"\nupdate: Year-Month-Day Hour:Minute:Second #Updated Time，Optional，Support TimeZone, such as \" +0800\"\nauthor: AuthorID\ncover: Article Cover Path #Optional\ndraft: false #If Draft，Optional\ntop: false #Place article to top, Optional\npreview: Article Preview，Also use \u003c!--more--\u003e to split in body #Optional\ntags: #Optional\n    - Tag1\n    - Tag2\ntype: post #Specify type is post or page, Optional\nhide: false #Hide article，can be accessed via URL, Optional\n\n---\n\nMarkdown Format's Body\n```\n\n### Publish\n- Run `ink publish` in blog directory to automatically build and publish\n- Or run `ink build` to manually deploy generated `public` directory\n\n\u003e **Tips**: When files changed，`ink preview` will automatically rebuild blog，refresh browser to update.\n\n## Customization\n\n### Modify Theme\n\nDefault theme placed in `theme` folder, run `npm install` and `webpack` to rebuild in this folder.\n\npage `page.html` (article list) and `article.html` (article), use variable with [Golang Template](http://golang.org/pkg/html/template/) syntax.\n\n### New Page\n\nCreated any `.html` file will be copied to `source` directory, could use all variables on `site` field in `config.yml`.\n\n### Blog Migrate (Beta)\n\nSupport simple Jeklly/Hexo post convert, use:\n\n``` shell\nink convert /path/_posts\n```\n\n### Build from source\n\nLocal Build\n\n1. Install [Golang](http://golang.org/doc/install) environment\n2. Run `go get github.com/InkProject/ink`, compile and get ink\n3. Run `ink preview $GOPATH/src/github.com/InkProject/ink/template`, preview blog\n\nDocker Build (Example)\n\n1. Clone code `git clone git@github.com:InkProject/ink.git`\n2. Build image `docker build -t ink .` in source directory\n3. Run container `docker run -p 8888:80 ink`\n\n## Theme\n\n- Pure: [https://github.com/Xdatk/ink-pure](https://github.com/Xdatk/ink-pure)\n- Werttin: [https://github.com/Skimige/ink_Werttin](https://github.com/Skimige/ink_Werttin)\n\n## Issue Report\n\n[CC Attribution-NonCommercial License 4.0](https://creativecommons.org/licenses/by-nc/4.0/)\n\n[https://github.com/InkProject/ink/issues](https://github.com/InkProject/ink/issues)\n\n## Change Log\n\n- [2016-07-11] Fix bugs and merge many PRs\n- [2015-08-15] Bug fix, support RSS feed, improve theme\n- [2015-07-04] Bug fix, improve theme, support top, i18n, subtemplate\n- [2015-06-04] Build more platform, add archive and tag page\n- [2015-03-01] Release first beta version\n\n## Develop Plan\n\n- Improve Theme\n- InkPaper Editor\n\n## They are using\n\n- [http://www.chole.io/blog/](http://www.chole.io/blog/)\n- [http://blog.hyper.sh/](http://blog.hyper.sh/)\n- [http://wangxu.me/](http://wangxu.me/)\n- [http://whzecomjm.com/](http://whzecomjm.com/)\n- [http://www.shery.me/blog/](http://www.shery.me/blog/)\n","cover":"/images/example-en.png","link":"ink-blog-tool-en.html","preview":"\u003cp\u003eInkPaper is an static blog generator developed by Golang, No dependencies, Cross platform, Easy use, Fast build, Elegant theme.\u003c/p\u003e\n","title":"An Elegant Static Blog Generator —— InkPaper"}]